rssi_mean,rssi_var,sc_mean,sc_std,sc_entropy,motion_power,breathing_power,variance_current,velocity_delta,cooler_noise_ratio,label
-52.38,0.336,11.08,1.05,4.849,0.03,0.016,1.05,0.17,19.3,0
-51.72,0.148,11.72,1.314,4.76,0.04,0.029,1.59,0.02,28.77,0
-51.9,0.394,12.33,1.007,4.842,0.025,0.011,1.11,0.05,23.36,0
-51.6,0.8,11.24,1.094,4.833,0.032,0.029,0.72,0.2,22.15,0
-51.19,0.616,11.48,1.342,4.786,0.011,0.026,0.82,0.22,20.91,0
-52.11,0.179,11.97,1.074,4.788,0.03,0.012,1.61,0.24,24.65,0
-52.58,0.398,11.89,1.219,4.829,0.04,0.019,0.95,0.12,33.63,0
-52.36,0.27,11.52,1.092,4.725,0.029,0.018,0.79,0.1,30.51,0
-52.48,0.783,11.67,1.497,4.84,0.036,0.016,1.64,0.19,32.97,0
-51.73,0.28,11.53,1.146,4.853,0.023,0.03,1.24,0.04,28.52,0
-51.53,0.499,12.06,1.204,4.86,0.015,0.026,1.7,0.28,30.37,0
-52.77,0.273,11.83,0.987,4.878,0.027,0.018,1.27,0.19,18.33,0
-52.34,0.784,12.29,1.395,4.746,0.025,0.017,0.87,0.29,19.66,0
-52.4,0.427,11.32,1.315,4.812,0.015,0.027,1.35,0.12,18.85,0
-52.13,0.364,11.56,1.058,4.728,0.026,0.026,1.47,0.28,26.96,0
-52.53,0.518,11.36,1.21,4.793,0.022,0.017,0.71,0.24,20.34,0
-51.6,0.628,12.32,1.407,4.835,0.011,0.02,0.51,0.17,30.57,0
-53.05,0.109,11.94,1.205,4.821,0.017,0.028,0.91,0.05,18.37,0
-51.47,0.231,11.57,1.439,4.78,0.015,0.01,1.13,0.09,19.57,0
-51.61,0.344,11.98,1.304,4.817,0.037,0.013,1.55,0.13,31.27,0
-51.69,0.421,11.4,1.484,4.757,0.019,0.027,1.75,0.24,23.19,0
-51.74,0.242,11.98,1.543,4.782,0.03,0.024,0.58,0.19,22.34,0
-52.51,0.28,11.91,0.986,4.789,0.024,0.026,0.84,0.26,32.51,0
-52.38,0.286,12.11,1.241,4.781,0.032,0.014,1.8,0.14,33.23,0
-51.76,0.653,12.44,0.927,4.81,0.036,0.028,1.5,0.11,23.76,0
-51.85,0.274,12.44,1.187,4.897,0.039,0.016,0.74,0.19,28.16,0
-51.99,0.35,11.51,1.762,4.749,0.02,0.021,1.39,0.12,30.98,0
-51.26,0.584,11.72,1.245,4.838,0.039,0.014,0.58,0.16,25.83,0
-51.51,0.759,12.15,1.14,4.741,0.014,0.024,0.78,0.02,21.99,0
-51.74,0.406,11.7,1.513,4.789,0.029,0.012,1.26,0.24,20.17,0
-52.16,0.601,11.7,0.761,4.812,0.012,0.019,1.71,0.18,32.8,0
-51.8,0.732,13.14,1.388,4.828,0.039,0.026,1.51,0.09,18.68,0
-51.76,0.465,11.88,0.7,4.827,0.04,0.022,1.33,0.05,26.5,0
-52.19,0.254,11.32,0.933,4.773,0.036,0.026,0.8,0.01,24.92,0
-51.86,0.391,11.8,1.311,4.725,0.021,0.012,1.8,0.01,22.96,0
-51.39,0.466,12.79,1.108,4.738,0.02,0.023,1.3,0.14,26.56,0
-51.83,0.312,11.13,0.86,4.743,0.039,0.027,1.1,0.25,29.64,0
-51.95,0.789,11.21,1.185,4.789,0.038,0.03,0.58,0.09,27.99,0
-51.78,0.581,12.2,1.188,4.842,0.028,0.026,1.46,0.2,25.59,0
-51.63,0.546,12.67,1.426,4.755,0.032,0.026,1.11,0.2,26.19,0
-51.81,0.106,11.51,1.2,4.735,0.035,0.02,0.83,0.22,33.78,0
-51.14,0.262,11.38,1.436,4.725,0.022,0.019,1.73,0.08,26.98,0
-52.0,0.248,11.5,0.899,4.759,0.011,0.02,1.28,0.06,32.81,0
-52.29,0.275,12.34,1.371,4.712,0.035,0.019,1.73,0.27,24.47,0
-52.13,0.181,11.42,1.632,4.798,0.028,0.015,1.27,0.26,22.48,0
-51.99,0.756,13.17,1.285,4.783,0.011,0.015,1.41,0.18,31.49,0
-52.19,0.775,11.86,1.442,4.762,0.02,0.02,1.65,0.27,18.78,0
-52.77,0.711,12.43,1.131,4.894,0.031,0.02,1.58,0.25,26.94,0
-52.12,0.457,11.7,1.086,4.847,0.039,0.017,1.29,0.17,19.76,0
-52.74,0.682,11.46,1.111,4.774,0.011,0.012,0.89,0.09,34.78,0
-52.07,0.343,11.79,1.194,4.854,0.024,0.02,1.73,0.19,18.49,0
-52.28,0.566,12.49,1.094,4.746,0.038,0.019,1.22,0.15,21.41,0
-51.99,0.373,11.77,1.344,4.793,0.015,0.022,1.21,0.19,33.96,0
-51.96,0.781,12.65,1.246,4.879,0.022,0.013,1.31,0.19,22.08,0
-51.15,0.111,12.58,1.169,4.801,0.024,0.025,1.18,0.01,25.93,0
-51.08,0.391,11.77,1.222,4.8,0.028,0.024,1.58,0.09,30.04,0
-52.35,0.739,12.2,1.109,4.879,0.01,0.029,0.65,0.23,23.85,0
-51.83,0.24,11.19,1.265,4.815,0.025,0.026,1.57,0.16,28.9,0
-52.0,0.263,12.55,1.224,4.765,0.022,0.013,1.06,0.2,28.63,0
-52.12,0.542,12.02,1.111,4.812,0.019,0.02,1.25,0.24,27.58,0
-44.9,3.808,15.64,2.852,4.609,0.176,0.054,5.21,1.81,10.19,1
-46.94,3.816,14.13,2.633,4.632,0.117,0.073,14.95,1.52,9.84,1
-44.73,1.514,15.36,1.908,4.534,0.102,0.113,9.04,1.62,13.54,1
-47.31,2.029,15.71,2.691,4.567,0.11,0.118,14.28,0.85,15.43,1
-46.51,2.603,12.98,1.899,4.585,0.218,0.087,8.14,1.28,14.29,1
-46.87,3.858,14.84,2.109,4.583,0.155,0.075,9.51,1.96,13.21,1
-46.57,2.021,14.05,2.755,4.791,0.09,0.091,12.19,0.59,11.47,1
-46.92,2.197,14.12,2.918,4.546,0.118,0.057,13.09,1.2,12.07,1
-45.79,2.482,14.61,2.105,4.722,0.195,0.106,12.14,1.62,10.11,1
-46.83,1.543,14.2,2.654,4.56,0.159,0.102,10.78,1.43,12.75,1
-45.74,3.851,13.32,2.786,4.532,0.171,0.092,8.73,0.66,10.69,1
-46.54,1.564,13.72,2.39,4.529,0.123,0.092,8.92,1.91,8.71,1
-46.53,2.012,13.9,3.335,4.533,0.133,0.082,9.65,1.86,14.62,1
-46.01,2.722,15.05,2.289,4.575,0.189,0.1,10.94,1.44,12.7,1
-46.99,2.143,13.66,2.351,4.667,0.194,0.062,6.48,1.07,11.26,1
-47.58,2.726,14.34,2.622,4.626,0.181,0.069,12.5,1.13,10.56,1
-45.91,3.256,13.79,1.724,4.635,0.19,0.061,7.7,0.22,12.58,1
-46.06,2.175,14.58,1.78,4.609,0.164,0.056,13.37,0.51,10.76,1
-46.52,2.074,13.83,2.69,4.653,0.146,0.067,14.36,0.22,12.99,1
-45.43,3.384,14.49,2.98,4.573,0.152,0.073,7.98,1.92,11.82,1
-45.72,1.956,11.82,2.908,4.588,0.092,0.065,9.27,1.16,14.34,1
-45.64,2.624,13.25,2.123,4.548,0.196,0.075,9.34,0.99,8.75,1
-46.2,2.879,13.28,2.379,4.576,0.176,0.053,9.1,0.28,15.41,1
-47.57,3.141,15.55,2.381,4.599,0.158,0.074,14.28,1.49,15.38,1
-45.8,1.715,14.15,2.798,4.715,0.176,0.096,4.7,1.63,9.66,1
-45.66,3.716,14.32,2.604,4.632,0.201,0.052,11.18,0.72,15.07,1
-46.04,2.808,14.03,3.028,4.697,0.216,0.072,13.45,0.28,11.87,1
-46.18,2.044,13.32,3.217,4.62,0.191,0.086,13.81,1.22,10.45,1
-46.04,1.913,13.22,2.23,4.571,0.189,0.094,9.9,0.78,9.28,1
-44.83,1.623,13.39,1.695,4.623,0.179,0.095,13.32,0.98,15.21,1
-46.96,2.993,14.69,2.921,4.602,0.153,0.092,12.84,1.59,9.04,1
-45.33,1.538,14.31,2.223,4.549,0.204,0.105,9.73,0.56,10.24,1
-45.67,3.533,14.42,2.292,4.728,0.169,0.1,11.24,0.84,15.64,1
-46.07,3.855,14.41,2.492,4.672,0.124,0.095,10.43,0.58,8.07,1
-45.57,3.202,14.06,2.115,4.545,0.187,0.088,12.35,1.06,11.8,1
-46.84,2.621,12.97,2.83,4.494,0.218,0.079,4.57,1.39,9.5,1
-45.98,2.285,15.33,3.258,4.563,0.141,0.085,8.48,1.03,10.8,1
-46.07,3.301,13.76,2.995,4.64,0.081,0.093,7.11,1.33,13.7,1
-45.41,2.9,12.53,2.761,4.773,0.198,0.095,11.96,0.97,15.82,1
-45.85,2.812,13.73,2.662,4.612,0.2,0.093,10.38,1.3,8.73,1
-45.05,1.829,14.52,2.798,4.582,0.197,0.117,10.36,1.06,12.95,1
-46.22,3.979,15.11,2.264,4.774,0.085,0.054,12.37,1.41,10.02,1
-45.22,2.347,13.92,2.439,4.635,0.1,0.074,6.33,0.64,13.84,1
-47.68,2.887,14.06,2.463,4.613,0.102,0.091,8.03,0.47,11.29,1
-47.56,2.365,13.5,2.541,4.729,0.123,0.103,10.51,1.36,9.73,1
-46.98,2.506,14.95,2.719,4.617,0.164,0.11,6.17,0.4,12.08,1
-46.95,2.308,13.02,3.217,4.487,0.113,0.083,9.19,1.58,14.2,1
-45.79,2.332,14.18,2.738,4.444,0.165,0.061,8.8,0.51,8.53,1
-45.92,3.857,14.04,2.663,4.647,0.091,0.071,12.53,1.67,16.0,1
-47.03,2.85,14.79,2.46,4.635,0.156,0.106,4.33,1.23,13.56,1
-45.6,3.498,13.97,2.109,4.604,0.197,0.097,5.65,0.56,10.35,1
-46.39,2.998,14.28,2.781,4.667,0.099,0.111,8.59,1.5,9.4,1
-45.65,1.815,13.54,1.362,4.759,0.101,0.092,4.9,0.56,15.66,1
-45.23,3.807,14.12,2.149,4.677,0.118,0.103,7.04,1.96,13.53,1
-44.97,2.102,14.25,2.924,4.597,0.121,0.096,13.66,1.24,15.57,1
-44.91,1.947,14.73,2.515,4.566,0.144,0.081,10.74,0.26,15.34,1
-45.69,2.102,14.81,3.078,4.572,0.159,0.098,6.05,1.58,15.87,1
-44.94,2.491,15.16,1.794,4.624,0.162,0.065,12.82,1.99,13.41,1
-45.24,2.822,15.18,2.566,4.522,0.127,0.098,8.42,0.43,9.61,1
-45.79,3.366,13.51,2.793,4.512,0.116,0.068,10.81,0.25,15.65,1
-34.85,12.231,21.42,5.073,4.12,0.566,0.024,118.79,18.18,5.67,2
-44.38,22.54,19.87,2.985,4.25,0.591,0.053,79.72,5.85,3.87,2
-39.82,16.917,18.49,4.617,4.217,0.59,0.03,67.56,15.98,5.61,2
-36.48,30.223,18.13,4.721,4.623,0.714,0.076,116.61,6.39,3.09,2
-32.99,28.46,16.81,4.578,4.401,0.713,0.054,85.08,15.3,2.66,2
-39.08,33.618,16.68,5.256,4.199,0.555,0.035,113.06,16.31,3.05,2
-40.22,23.752,17.25,5.709,4.258,0.667,0.076,119.45,7.76,4.82,2
-43.73,18.093,17.62,4.174,4.501,0.55,0.08,54.91,24.22,5.77,2
-39.97,16.473,17.91,4.144,4.197,0.833,0.056,63.81,16.92,4.36,2
-35.92,28.251,18.9,4.224,4.305,0.697,0.033,91.9,5.95,4.94,2
-39.73,14.399,18.25,4.699,4.324,0.591,0.065,72.38,15.83,2.74,2
-35.71,23.051,18.31,4.433,4.495,0.813,0.053,92.86,20.51,3.37,2
-42.47,29.968,15.64,6.913,4.423,0.558,0.046,98.65,10.76,5.2,2
-36.52,18.936,16.15,3.875,4.105,0.626,0.069,43.55,19.51,4.96,2
-38.65,19.474,20.06,5.386,4.22,0.787,0.022,94.8,15.64,5.93,2
-37.48,33.853,19.77,5.495,4.542,0.551,0.08,67.87,18.63,3.69,2
-39.2,12.497,17.16,6.004,4.427,0.598,0.06,93.56,8.27,2.98,2
-33.99,22.375,17.25,3.507,4.412,0.706,0.049,77.0,13.76,4.53,2
-34.89,34.659,20.03,4.753,4.519,0.845,0.043,89.21,11.46,2.69,2
-39.14,12.336,16.42,4.382,4.259,0.742,0.032,42.92,6.21,4.88,2
-34.6,14.584,16.15,4.642,4.322,0.831,0.061,100.61,9.8,3.5,2
-37.74,15.316,17.63,4.641,4.459,0.862,0.078,97.64,6.18,5.6,2
-37.33,33.18,16.07,4.514,4.179,0.554,0.07,104.98,20.36,4.27,2
-39.54,18.481,17.06,5.193,4.377,0.72,0.055,76.82,15.0,5.59,2
-39.46,18.841,17.27,5.888,4.565,0.843,0.064,119.15,17.66,5.02,2
-39.98,20.109,20.03,4.475,4.447,0.763,0.062,109.95,5.74,3.03,2
-39.06,25.615,16.99,5.433,4.303,0.715,0.04,102.7,20.49,4.34,2
-37.65,24.452,17.84,4.633,4.199,0.62,0.062,109.03,10.87,5.41,2
-37.71,32.443,19.75,5.348,4.35,0.635,0.07,117.59,10.17,4.24,2
-40.34,32.397,19.86,5.596,4.32,0.706,0.076,89.41,21.31,3.84,2
-31.18,30.077,18.07,5.76,4.264,0.797,0.061,102.16,23.62,4.78,2
-39.91,14.975,17.91,4.575,4.526,0.561,0.031,49.96,15.4,3.37,2
-41.15,15.407,18.41,4.888,4.162,0.792,0.059,92.14,18.59,5.06,2
-38.64,34.533,18.01,5.324,4.169,0.847,0.038,74.7,23.98,3.43,2
-38.38,13.133,19.06,4.663,4.327,0.637,0.067,41.21,11.7,5.4,2
-38.93,12.777,18.66,5.332,4.232,0.705,0.035,118.73,13.76,3.63,2
-34.5,14.372,18.59,5.696,4.292,0.843,0.038,58.9,19.16,4.19,2
-38.24,24.413,17.81,4.386,4.174,0.632,0.041,48.62,8.99,2.64,2
-38.62,28.836,20.22,4.046,4.261,0.582,0.043,89.95,10.42,4.73,2
-41.77,22.12,19.52,4.892,4.281,0.863,0.052,59.82,6.87,3.79,2
-40.8,33.542,16.32,3.365,4.093,0.759,0.079,107.16,19.95,3.58,2
-37.12,15.008,16.93,3.53,4.159,0.584,0.059,113.47,6.4,3.54,2
-40.1,14.405,17.29,5.082,4.297,0.588,0.049,94.14,6.76,3.66,2
-36.38,19.985,14.81,6.209,4.271,0.875,0.069,72.14,7.7,3.12,2
-37.32,17.305,18.0,3.56,4.183,0.838,0.056,116.53,5.3,3.98,2
-39.17,34.095,18.05,4.812,4.494,0.763,0.049,82.44,16.24,2.61,2
-32.1,24.676,15.93,4.392,4.354,0.821,0.072,54.02,8.59,5.28,2
-34.53,28.738,16.75,5.516,4.396,0.645,0.079,72.42,14.61,2.62,2
-36.83,13.912,18.16,3.951,4.275,0.641,0.027,75.29,22.78,4.45,2
-39.27,27.808,19.27,4.075,4.322,0.863,0.045,95.13,12.92,2.7,2
-35.74,30.895,14.57,4.271,4.427,0.718,0.057,51.03,8.05,2.6,2
-34.43,19.809,19.12,4.105,4.3,0.665,0.08,86.78,11.78,4.48,2
-41.9,34.839,16.31,2.316,4.4,0.728,0.054,48.52,17.18,3.43,2
-38.61,16.112,16.77,4.259,4.29,0.731,0.065,117.92,18.39,2.98,2
-39.05,14.116,18.75,5.937,4.655,0.66,0.059,53.62,20.64,4.22,2
-39.9,26.569,19.3,5.115,4.153,0.666,0.049,103.32,10.28,5.55,2
-41.26,13.18,19.95,3.548,4.32,0.761,0.045,76.04,6.76,4.72,2
-35.05,12.2,19.11,4.688,4.202,0.786,0.04,92.54,19.24,2.74,2
-35.12,26.157,18.04,5.263,4.225,0.671,0.062,62.54,12.35,5.07,2
-41.28,23.58,17.66,5.27,4.268,0.824,0.022,77.24,7.86,5.23,2
-32.46,84.742,22.72,7.149,3.831,0.939,0.01,331.68,74.0,0.81,3
-30.71,97.564,29.47,6.665,3.804,0.966,0.027,227.72,52.26,2.1,3
-37.91,51.491,19.58,5.76,3.769,0.981,0.025,319.67,50.11,2.08,3
-24.22,62.575,24.27,6.901,3.789,0.947,0.014,213.58,32.67,2.59,3
-27.97,104.579,23.79,7.36,3.714,0.973,0.012,435.22,87.99,2.95,3
-26.46,108.418,25.87,9.586,3.461,0.967,0.021,382.88,69.09,2.49,3
-20.94,57.924,25.46,8.484,3.709,0.929,0.032,380.79,72.31,2.56,3
-30.25,105.261,21.75,8.684,3.409,0.924,0.041,281.27,48.38,2.09,3
-26.59,107.945,27.01,7.163,3.639,0.959,0.025,461.04,50.94,1.69,3
-27.88,61.422,26.18,5.496,3.699,0.93,0.038,319.01,93.9,1.22,3
-35.5,79.144,21.37,9.597,3.837,0.967,0.032,322.88,53.2,1.95,3
-28.37,78.876,27.13,8.108,4.244,0.95,0.021,251.83,51.43,2.84,3
-23.82,79.275,23.24,9.018,3.949,0.946,0.034,376.41,64.04,1.59,3
-35.53,105.418,21.05,5.943,4.173,0.936,0.038,372.1,73.56,2.94,3
-25.31,70.773,20.06,6.773,3.942,0.979,0.043,340.46,83.51,2.81,3
-36.14,52.387,22.71,8.585,3.763,0.974,0.038,332.93,36.91,1.34,3
-30.16,48.302,25.79,6.815,3.925,0.994,0.033,317.5,78.53,1.01,3
-26.31,57.337,25.92,7.32,3.698,0.985,0.027,265.1,49.36,2.68,3
-29.36,96.979,21.58,7.53,4.198,0.923,0.041,295.19,90.55,1.39,3
-29.48,68.587,28.36,9.663,3.728,0.952,0.021,329.61,50.37,1.76,3
-30.91,90.099,28.8,9.369,4.018,0.974,0.039,217.57,70.27,1.23,3
-31.04,52.971,24.23,7.447,3.707,0.989,0.036,230.26,45.05,1.05,3
-35.47,77.872,22.0,5.459,4.194,0.97,0.029,293.57,67.36,1.29,3
-29.31,73.745,24.67,8.753,3.888,0.936,0.026,219.12,85.82,1.06,3
-24.13,55.623,23.68,6.052,4.109,0.966,0.033,378.89,59.37,2.36,3
-27.34,97.851,22.06,7.38,3.88,0.963,0.029,247.48,47.11,2.27,3
-34.73,94.795,26.78,6.513,3.953,0.983,0.014,420.28,38.47,1.67,3
-37.25,50.788,24.9,7.197,3.839,0.978,0.014,304.06,49.46,2.1,3
-35.19,97.616,20.79,6.077,3.659,0.945,0.038,199.29,87.81,1.33,3
-31.62,79.569,26.14,7.582,4.001,0.966,0.016,477.16,35.41,1.01,3
-32.26,57.179,25.1,7.057,3.878,0.946,0.04,353.21,71.36,1.76,3
-35.2,49.285,27.33,10.732,4.049,0.995,0.045,269.44,51.65,1.79,3
-33.32,98.871,21.81,6.868,3.795,0.966,0.025,363.55,89.34,1.86,3
-34.71,62.295,24.57,8.638,3.879,0.964,0.025,335.08,37.55,1.84,3
-34.9,90.976,27.41,7.52,3.874,0.966,0.027,272.38,94.25,1.63,3
-28.34,63.841,26.39,9.137,3.717,0.989,0.032,406.8,86.07,2.74,3
-38.37,97.274,22.08,7.29,4.008,0.978,0.021,384.01,46.62,2.45,3
-30.89,50.386,23.16,9.354,3.442,0.935,0.021,320.97,41.36,1.2,3
-29.75,67.077,21.41,8.679,3.947,0.939,0.048,410.5,33.08,1.88,3
-26.97,59.977,24.04,10.617,3.828,0.992,0.038,430.79,60.49,1.9,3
-28.28,69.52,23.55,9.304,3.714,0.958,0.028,341.75,56.96,0.89,3
-34.28,47.521,23.52,8.969,4.336,0.936,0.022,257.33,81.88,2.97,3
-32.09,92.907,23.38,9.925,3.878,0.968,0.036,303.98,30.34,1.98,3
-25.98,69.28,22.9,6.936,3.864,0.998,0.011,207.3,87.34,2.74,3
-28.39,103.016,21.89,7.923,3.855,0.983,0.035,335.12,38.57,1.2,3
-32.75,109.576,27.89,5.815,3.934,0.99,0.041,368.9,66.9,1.5,3
-32.51,54.603,21.23,5.294,3.726,0.956,0.031,440.59,72.45,0.88,3
-34.75,99.925,22.85,7.167,4.223,0.941,0.015,365.49,84.43,1.85,3
-29.88,69.152,24.64,9.97,3.634,0.968,0.025,301.26,70.73,1.47,3
-25.44,53.572,24.23,5.661,4.008,0.961,0.04,369.41,77.98,2.67,3
-40.6,63.896,27.01,7.742,3.656,0.966,0.021,187.82,31.49,2.22,3
-29.35,88.697,27.06,7.682,3.91,0.943,0.043,395.0,83.82,1.49,3
-32.54,54.835,26.01,8.357,3.624,0.938,0.017,349.06,42.54,2.5,3
-33.65,72.223,24.98,7.698,3.914,0.976,0.02,222.53,31.96,0.96,3
-33.37,100.711,30.47,8.934,4.089,0.926,0.035,287.78,91.84,2.43,3
-29.06,83.587,32.18,8.066,3.86,0.995,0.016,395.95,89.05,2.92,3
-29.91,102.004,27.94,7.87,3.739,0.948,0.025,188.27,58.96,1.17,3
-30.05,90.33,21.11,10.075,3.73,0.954,0.025,250.98,80.6,1.21,3
-26.59,96.877,28.09,10.013,3.9,0.987,0.017,253.84,73.71,2.04,3
-32.51,106.603,19.94,10.36,3.663,0.957,0.015,240.1,33.37,2.92,3
-48.16,1.599,13.14,1.967,4.714,0.042,0.038,2.48,151.33,14.07,4
-47.41,1.448,12.81,1.638,4.687,0.051,0.027,1.94,214.16,26.87,4
-49.42,1.692,12.84,1.871,4.74,0.046,0.026,1.92,103.4,26.81,4
-47.05,1.951,13.02,1.593,4.666,0.027,0.032,2.88,234.69,26.84,4
-46.84,1.791,11.57,1.809,4.622,0.029,0.023,2.54,157.55,23.11,4
-48.74,1.801,12.74,1.778,4.737,0.044,0.015,2.83,108.25,14.35,4
-46.3,1.018,13.09,1.303,4.716,0.044,0.01,2.36,190.05,25.21,4
-49.95,1.569,12.23,1.474,4.586,0.059,0.029,1.56,212.75,20.04,4
-47.16,0.922,13.33,1.861,4.698,0.025,0.018,1.45,235.36,27.96,4
-49.04,1.502,12.2,2.601,4.615,0.042,0.011,1.98,182.14,21.68,4
-49.99,1.892,12.57,1.43,4.625,0.021,0.029,1.67,114.5,23.47,4
-46.3,0.831,13.23,1.647,4.669,0.034,0.029,1.66,129.29,17.24,4
-48.32,1.093,11.15,1.829,4.598,0.052,0.036,1.61,140.25,20.1,4
-46.86,1.028,12.16,1.909,4.815,0.03,0.017,2.51,147.4,21.71,4
-48.14,1.363,12.73,1.651,4.672,0.049,0.021,2.2,244.93,20.47,4
-49.02,1.177,13.24,2.086,4.745,0.021,0.031,2.68,236.37,15.73,4
-47.9,0.733,13.21,1.597,4.702,0.049,0.014,1.22,221.46,20.7,4
-47.14,0.628,12.73,1.86,4.7,0.05,0.028,1.66,193.58,26.99,4
-48.63,1.226,12.67,1.765,4.617,0.027,0.011,2.5,95.36,27.58,4
-47.66,1.05,13.91,1.948,4.614,0.03,0.021,2.82,217.57,21.39,4
-49.41,0.625,12.37,1.262,4.723,0.056,0.035,1.39,128.63,23.94,4
-46.09,1.121,13.28,1.546,4.665,0.055,0.024,2.28,116.03,20.95,4
-48.43,1.739,13.5,1.401,4.66,0.021,0.015,1.78,101.54,22.02,4
-49.03,0.731,13.09,1.658,4.639,0.056,0.031,2.41,211.2,25.11,4
-48.75,1.135,12.11,1.908,4.682,0.03,0.036,1.87,204.88,27.29,4
-47.67,1.916,12.96,1.901,4.694,0.021,0.039,2.84,134.28,23.74,4
-49.1,1.172,14.01,2.419,4.575,0.028,0.028,1.81,213.19,18.52,4
-48.08,1.985,13.98,2.192,4.731,0.024,0.032,2.03,109.19,25.2,4
-48.2,1.524,12.95,1.933,4.781,0.02,0.013,2.63,188.12,25.95,4
-46.9,1.197,12.04,2.027,4.645,0.043,0.026,2.39,152.08,20.11,4
-46.98,1.447,12.71,1.819,4.783,0.048,0.028,1.68,212.85,21.75,4
-48.33,1.14,12.8,1.807,4.764,0.046,0.02,3.41,108.47,18.58,4
-48.36,0.554,12.42,1.741,4.698,0.044,0.022,3.34,143.17,16.96,4
-47.88,1.892,12.72,1.644,4.857,0.058,0.014,3.26,118.42,21.74,4
-48.56,0.581,13.45,1.344,4.688,0.057,0.036,2.06,121.58,20.58,4
-48.14,1.763,12.41,1.864,4.723,0.05,0.039,2.57,94.72,16.21,4
-49.1,1.711,12.33,1.594,4.664,0.028,0.029,1.28,194.3,21.09,4
-47.29,0.932,14.07,1.81,4.716,0.056,0.03,2.36,229.9,16.5,4
-47.33,1.579,13.35,2.007,4.643,0.054,0.025,3.45,200.8,21.97,4
-47.57,1.717,12.62,1.704,4.618,0.031,0.015,1.31,207.3,14.04,4
-47.35,0.826,12.53,1.422,4.632,0.045,0.027,3.21,120.58,17.76,4
-47.69,0.738,13.53,1.584,4.701,0.059,0.018,2.77,223.84,21.32,4
-47.91,0.724,12.49,1.619,4.78,0.037,0.013,3.16,188.39,23.36,4
-49.16,1.881,13.84,1.818,4.794,0.05,0.032,3.19,87.82,19.89,4
-48.4,1.247,11.62,2.095,4.724,0.052,0.036,1.66,200.95,17.99,4
-50.57,0.987,12.78,1.792,4.569,0.033,0.033,2.97,109.07,18.88,4
-47.7,1.628,13.84,1.749,4.672,0.057,0.018,2.37,93.4,18.96,4
-48.03,1.444,12.6,2.226,4.688,0.03,0.03,1.52,235.49,26.89,4
-46.81,1.132,13.53,1.819,4.696,0.053,0.031,1.68,102.26,14.47,4
-46.81,1.928,13.17,1.182,4.745,0.053,0.032,2.58,155.85,17.75,4
-47.53,1.947,12.46,2.102,4.715,0.051,0.013,2.47,153.13,14.32,4
-49.44,1.92,12.06,1.899,4.746,0.028,0.011,3.15,206.25,14.51,4
-46.96,0.987,12.31,1.441,4.777,0.044,0.016,3.24,92.42,22.43,4
-47.47,0.746,12.04,1.578,4.684,0.049,0.026,2.61,181.48,14.39,4
-47.04,1.796,14.72,1.984,4.778,0.025,0.021,1.99,121.85,26.72,4
-49.04,1.858,12.56,2.265,4.771,0.028,0.021,2.78,82.07,19.81,4
-47.19,1.804,12.77,1.991,4.693,0.049,0.016,2.39,196.95,17.64,4
-47.67,0.986,13.07,1.86,4.578,0.055,0.024,2.73,185.93,14.93,4
-47.79,1.699,14.29,1.882,4.77,0.053,0.018,2.66,82.79,22.63,4
-48.92,1.412,13.27,1.708,4.751,0.028,0.018,1.82,98.94,20.76,4
-43.2,0.007,12.5,2.196,5.678,0.085,0.049,1.5,0.5,23.11,0
-43.25,0.012,12.47,2.194,5.678,0.086,0.05,1.5,0.0,22.85,0
-43.28,0.014,12.43,2.191,5.678,0.087,0.05,1.5,0.0,22.59,0
-43.32,0.018,12.4,2.189,5.678,0.088,0.05,1.5,0.0,22.33,0
-43.36,0.025,12.38,2.186,5.678,0.089,0.051,1.5,0.0,22.08,0
-43.4,0.035,12.36,2.183,5.678,0.089,0.051,1.5,0.0,22.05,0
-43.44,0.047,12.34,2.179,5.678,0.09,0.051,1.5,0.0,21.79,0
-43.49,0.061,12.32,2.175,5.678,0.09,0.051,1.5,0.0,21.75,0
-43.58,0.064,12.31,2.173,5.678,0.09,0.052,1.5,0.0,21.73,0
-43.67,0.068,12.3,2.169,5.678,0.09,0.052,1.5,0.0,21.69,0
-43.76,0.074,12.29,2.165,5.678,0.09,0.052,1.5,0.0,21.65,0
-43.85,0.082,12.29,2.161,5.678,0.089,0.053,1.5,0.0,21.83,0
-43.95,0.082,12.29,2.156,5.678,0.089,0.053,1.5,0.0,21.78,0
-44.05,0.082,12.29,2.151,5.678,0.088,0.053,1.5,0.0,21.95,0
-44.15,0.082,12.3,2.147,5.679,0.087,0.054,1.5,0.0,22.13,0
-44.25,0.083,12.31,2.142,5.679,0.086,0.054,1.5,0.0,22.31,0
-44.34,0.074,12.33,2.137,5.679,0.085,0.054,1.49,0.0,22.5,0
-44.43,0.068,12.35,2.132,5.679,0.084,0.054,1.49,0.0,22.68,0
-44.52,0.064,12.37,2.126,5.679,0.083,0.055,1.49,0.0,22.86,0
-44.61,0.061,12.4,2.121,5.679,0.081,0.055,1.49,0.0,23.31,0
-44.7,0.06,12.42,2.115,5.68,0.079,0.055,1.49,0.0,23.77,0
-44.79,0.061,12.46,2.11,5.68,0.078,0.055,1.49,0.0,23.98,0
-44.87,0.056,12.49,2.104,5.68,0.076,0.056,1.48,0.0,24.47,0
-44.95,0.054,12.53,2.099,5.68,0.074,0.056,1.48,0.0,24.99,0
-45.03,0.056,12.57,2.093,5.681,0.072,0.056,1.48,0.0,25.52,0
-45.11,0.061,12.61,2.088,5.681,0.07,0.056,1.48,0.0,26.1,0
-45.19,0.053,12.66,2.082,5.681,0.068,0.057,1.47,0.0,26.69,0
-45.27,0.048,12.7,2.076,5.681,0.066,0.057,1.47,0.0,27.31,0
-45.34,0.04,12.75,2.07,5.682,0.064,0.057,1.47,0.0,27.98,0
-45.41,0.037,12.8,2.066,5.682,0.062,0.057,1.46,0.0,28.69,0
-45.47,0.032,12.86,2.06,5.682,0.06,0.057,1.46,0.0,29.43,0
-45.53,0.032,12.91,2.055,5.682,0.063,0.058,1.46,0.0,28.15,0
-45.59,0.025,12.97,2.049,5.683,0.065,0.058,1.45,0.0,27.32,0
-45.65,0.022,13.03,2.044,5.683,0.067,0.058,1.45,0.0,26.55,0
-45.39,0.761,12.8,2.204,5.679,0.076,0.056,1.48,0.04,25.63,0
-45.12,1.358,12.74,2.203,5.679,0.078,0.055,1.49,0.0,25.04,0
-44.86,1.768,12.69,2.203,5.679,0.079,0.055,1.49,0.0,24.75,0
-44.6,1.992,12.64,2.201,5.678,0.081,0.055,1.49,0.0,24.19,0
-44.35,2.055,12.6,2.199,5.678,0.082,0.055,1.49,0.0,23.91,0
-44.1,1.942,12.55,2.199,5.678,0.084,0.054,1.49,0.0,23.39,0
-43.85,1.704,12.51,2.197,5.678,0.085,0.054,1.49,0.0,23.12,0
-43.6,1.292,12.48,2.194,5.678,0.086,0.054,1.5,0.0,22.85,0
-43.36,0.754,12.44,2.192,5.678,0.087,0.054,1.5,0.0,22.59,0
-43.12,0.054,12.41,2.189,5.678,0.088,0.053,1.5,0.0,22.34,0
-43.2,0.06,12.38,2.186,5.678,0.089,0.053,1.5,0.0,22.08,0
-43.29,0.061,12.36,2.184,5.678,0.089,0.053,1.5,0.0,22.06,0
-43.38,0.064,12.34,2.181,5.678,0.09,0.052,1.5,0.0,21.81,0
-43.47,0.068,12.32,2.176,5.678,0.09,0.052,1.5,0.0,21.76,0
-43.56,0.074,12.31,2.173,5.678,0.09,0.052,1.5,0.0,21.73,0
-43.65,0.082,12.3,2.169,5.678,0.09,0.052,1.5,0.0,21.69,0
-43.75,0.083,12.29,2.166,5.678,0.09,0.051,1.5,0.0,21.66,0
-43.85,0.082,12.29,2.161,5.678,0.089,0.051,1.5,0.0,21.83,0
-43.95,0.082,12.29,2.157,5.678,0.089,0.051,1.5,0.0,21.79,0
-44.04,0.074,12.29,2.152,5.678,0.088,0.05,1.5,0.0,21.96,0
-44.13,0.068,12.3,2.148,5.679,0.088,0.05,1.5,0.0,21.92,0
-44.22,0.064,12.31,2.144,5.679,0.087,0.05,1.5,0.0,22.1,0
-44.31,0.061,12.32,2.138,5.679,0.086,0.049,1.5,0.0,22.27,0
-44.4,0.06,12.34,2.133,5.679,0.084,0.049,1.49,0.0,22.7,0
-44.49,0.061,12.36,2.129,5.679,0.083,0.049,1.49,0.0,22.89,0
-44.58,0.064,12.38,2.124,5.679,0.082,0.048,1.49,0.0,23.08,0
-44.67,0.068,12.41,2.119,5.68,0.08,0.048,1.49,0.0,23.54,0
-44.75,0.067,12.44,2.113,5.68,0.079,0.048,1.49,0.0,23.74,0
-44.83,0.068,12.47,2.107,5.68,0.077,0.047,1.48,0.0,24.22,0
-44.92,0.064,12.51,2.101,5.68,0.075,0.047,1.48,0.0,24.72,0
-45.01,0.061,12.55,2.096,5.68,0.073,0.046,1.48,0.0,25.26,0
-45.09,0.053,12.59,2.09,5.681,0.071,0.046,1.48,0.0,25.81,0
-45.17,0.048,12.63,2.086,5.681,0.069,0.046,1.47,0.0,26.4,0
-45.25,0.046,12.68,2.079,5.681,0.067,0.045,1.47,0.0,27.0,0
-45.32,0.042,12.73,2.074,5.681,0.065,0.045,1.47,0.0,27.65,0
-45.39,0.041,12.78,2.067,5.682,0.063,0.045,1.46,0.0,28.32,0
-45.45,0.039,12.83,2.062,5.682,0.061,0.044,1.46,0.0,29.05,0
-45.52,0.034,12.89,2.056,5.682,0.062,0.044,1.46,0.0,28.56,0
-45.58,0.028,12.94,2.051,5.682,0.064,0.044,1.45,0.0,27.71,0
-45.63,0.022,13.0,2.046,5.683,0.066,0.043,1.45,0.0,26.92,0
-45.68,0.022,13.06,2.041,5.683,0.068,0.043,1.45,0.0,26.17,0
-45.73,0.016,13.12,2.036,5.683,0.07,0.042,1.44,0.0,25.45,0
-45.77,0.012,13.18,2.031,5.683,0.072,0.042,1.44,0.0,24.76,0
-45.81,0.013,13.24,2.026,5.684,0.074,0.042,1.43,0.0,24.12,0
-45.85,0.01,13.31,2.022,5.684,0.076,0.041,1.43,0.01,23.51,0
-45.88,0.01,13.37,2.017,5.684,0.077,0.041,1.42,0.0,23.19,0
-45.91,0.007,13.44,2.012,5.684,0.079,0.04,1.42,0.0,22.61,0
-45.93,0.006,13.51,2.008,5.685,0.081,0.04,1.41,0.01,22.06,0
-45.95,0.005,13.57,2.004,5.685,0.082,0.04,1.41,0.0,21.78,0
-45.97,0.002,13.64,2.0,5.685,0.084,0.041,1.4,0.01,21.27,0
-45.98,0.002,13.71,1.996,5.685,0.085,0.041,1.4,0.01,21.01,0
-45.99,0.001,13.77,1.993,5.686,0.086,0.041,1.39,0.0,20.76,0
-46.0,0.0,13.84,1.989,5.686,0.087,0.042,1.39,0.01,20.5,0
-45.99,0.001,13.91,1.987,5.686,0.088,0.042,1.38,0.01,20.27,0
-45.98,0.002,13.97,1.983,5.686,0.089,0.043,1.38,0.01,20.03,0
-45.97,0.002,14.03,1.981,5.686,0.089,0.043,1.37,0.01,20.01,0
-45.95,0.005,14.1,1.979,5.686,0.09,0.043,1.36,0.01,19.79,0
-45.93,0.006,14.16,1.977,5.687,0.09,0.044,1.36,0.01,19.77,0
-45.91,0.007,14.22,1.975,5.687,0.09,0.044,1.35,0.01,19.75,0
-45.88,0.01,14.28,1.973,5.687,0.09,0.044,1.35,0.01,19.73,0
-45.85,0.01,14.33,1.972,5.687,0.09,0.045,1.34,0.01,19.72,0
-45.81,0.013,14.39,1.97,5.687,0.09,0.045,1.33,0.01,19.7,0
-45.76,0.016,14.45,1.969,5.687,0.089,0.045,1.33,0.01,19.89,0
-45.72,0.02,14.5,1.97,5.687,0.088,0.046,1.32,0.01,20.1,0
-45.67,0.024,14.56,1.969,5.687,0.088,0.046,1.31,0.01,20.1,0
-45.61,0.029,14.61,1.97,5.687,0.087,0.047,1.31,0.01,20.3,0
-45.56,0.032,14.66,1.97,5.688,0.086,0.047,1.3,0.01,20.52,0
-45.5,0.036,14.7,1.971,5.688,0.084,0.047,1.29,0.01,20.97,0
-45.43,0.038,14.75,1.971,5.688,0.083,0.048,1.29,0.01,21.19,0
-45.36,0.044,14.79,1.973,5.688,0.082,0.048,1.28,0.01,21.45,0
-45.28,0.048,14.82,1.974,5.688,0.08,0.048,1.27,0.01,21.94,0
-45.21,0.047,14.85,1.976,5.688,0.078,0.049,1.26,0.01,22.45,0
-45.14,0.05,14.88,1.978,5.688,0.077,0.049,1.26,0.01,22.73,0
-45.06,0.05,14.91,1.981,5.688,0.075,0.049,1.25,0.01,23.3,0
-44.98,0.054,14.94,1.983,5.688,0.073,0.05,1.24,0.01,23.89,0
-44.9,0.06,14.96,1.986,5.688,0.071,0.05,1.24,0.01,24.52,0
-44.81,0.061,14.98,1.989,5.688,0.069,0.05,1.23,0.01,25.18,0
-44.72,0.064,15.0,1.993,5.688,0.067,0.051,1.22,0.01,25.88,0
-44.63,0.068,15.01,1.996,5.688,0.064,0.051,1.22,0.01,26.98,0
-44.54,0.074,15.02,2.001,5.688,0.062,0.051,1.21,0.01,27.79,0
-44.45,0.082,15.03,2.004,5.688,0.06,0.052,1.2,0.01,28.63,0
-44.35,0.082,15.03,2.009,5.688,0.062,0.052,1.19,0.01,27.9,0
-44.25,0.083,15.03,2.013,5.688,0.064,0.052,1.19,0.01,27.2,0
-44.15,0.082,15.03,2.018,5.688,0.066,0.053,1.18,0.01,26.55,0
-44.05,0.082,15.02,2.021,5.687,0.068,0.053,1.17,0.01,25.91,0
-43.95,0.082,15.01,2.027,5.687,0.07,0.053,1.17,0.01,25.33,0
-43.85,0.082,15.0,2.033,5.687,0.072,0.054,1.16,0.01,24.79,0
-43.76,0.074,14.98,2.037,5.687,0.074,0.054,1.15,0.01,24.25,0
-43.67,0.068,14.97,2.042,5.687,0.076,0.054,1.14,0.01,23.75,0
-43.58,0.064,14.94,2.048,5.687,0.078,0.054,1.14,0.01,23.27,0
